user_id,first_name,last_name,email,password_hash,role
818d5c2d-f93c-404e-ba71-146a19a94066,Angela,Rodriguez,isanders@williams.biz,1cb30ff7cfdadf74c45b6d7da18129a07c9df50728cb52aa53a60c4a66681526,admin
2d8a1515-c7f7-478a-9f6d-9e241aabfaba,Manuel,Ward,anthony81@higgins.info,e8e01b16c601572150b7dcb984448092efd1c904b438083d1a51e0bf489ea15f,doctor
10039817-85fc-4962-bf8b-12bc4b587cdf,Amy,Barajas,thomas98@strickland.com,5578679ef11e3a0f789a0fb29e6904b3088c57498ad61e5c5acd5b6bb443e6ed,doctor
d4a64de0-69df-4520-8c05-c969756ace9d,Michael,Hernandez,rachelmartin@hotmail.com,49b02014dfc23be5135e676ed1160def1a73c56608393724043f75241b8d06b9,patient
b3942f9a-710c-467c-83d9-212c8f9ce445,Ronald,Garza,jasonjohnston@gmail.com,bfc63fb9f085dc3fa638765b6c7a261efc8fb61ee035eda78045efe9ea0189bf,admin
f19ad56a-a283-4bd3-a82b-d3b03ac38fe0,Carrie,Morales,qcurtis@odonnell.com,127049fb65a5bb441de3c45c40dce12c5c14afeef38c714d22c3c7b2e412e51d,admin
5e4675df-c2e1-42e6-83ae-31c96199df30,Kevin,Jones,mannjames@mcdonald-grant.com,e0aa13768dd59a41cc9a08e3f73f51c53845906ed7801a2b4203e153b0cab744,nurse
93f4b7ec-4105-45c7-9dd0-5c4a3b5483d4,Matthew,Spence,mandy84@browning.org,cac47bcfe8a196e1886916844d88ca9b298dab0fc916a530c69785b33ddd88c4,nurse
20f00df9-8e28-41eb-9faa-ae3b495d3987,Michael,Brewer,emily78@hotmail.com,308027aa07bf8960c66355baf697a9c1af992ae3d9ab0953046006e20e40fb2e,patient
23a44e70-b3c6-43bc-999d-6098dc0e05ae,Tony,Bates,gregory09@hotmail.com,5dec6a422c2cd4a7be703ba404deed9e2d26537e0b80840706e63d430f495ec8,admin
a60b42bb-1068-4973-a204-62054fe199aa,Bryan,Horne,edwardbeck@hernandez-johnson.com,8fe78fd4f05daadba22a9e35b5ccee146de66190b320fc5815dfce9d770824b7,admin
7c860e59-4bb7-471e-afb8-6dab31347e77,John,Turner,wardkristin@gmail.com,ca865595b7e90b8961280414f6f34a33632e46de0118b45fe647806d18294822,patient
0297ebe8-7c9b-4fbe-a2a2-6443e714b486,Misty,Hicks,nallen@hotmail.com,8eb6f26484a9a4834e3b12aedfd8ee5909e31c7588459f75a686932e0550d479,patient
430f3d08-375c-43da-87a0-a1b326acfc8c,Steven,Nelson,eric48@gmail.com,ffefec7ef02e957e429afa60d6d21b2362d2bd6066b3c114811bea32122846a3,nurse
6a36ef6f-79c6-4ddf-916c-2650c9818faa,Susan,Williams,rick53@gmail.com,8819c615c0ebdc8b688766f60ab58fd65eac8ef29cf708fdc9f25aa7c999751c,admin
2ad631fa-ddd2-4e18-91ee-294b4a2ba8fe,Elizabeth,Johnson,jsmith@hunter.com,10c905829af7e239d84beb2e99fd961f1ec45fea54930417e8be776feeb2306e,patient
e19ec646-6d84-4ccf-85bb-81ef095dc0ff,Carmen,Ruiz,qruiz@yahoo.com,31bb213e12db67fe54620e20976f5beee39c4597447b35b59d89304caccf04b5,admin
76514d47-7abe-4ba1-846a-34da040e1437,Oscar,Thomas,aaronlang@hicks.com,0fe9638328a284b467f214869090c83ea140004319e6ffa4e6363c56f815b0b1,doctor
5cbf4ed1-8016-425c-8a35-728ba39a9b85,Steve,Watkins,garciaelizabeth@fitzgerald.biz,4da2b2e209a2496660442a45a410b582f1160df424db92f49efbf11010187074,doctor
76bf6b49-9727-4884-86c0-85a3b38c6af1,Rachel,Fisher,paigekoch@hotmail.com,5f39d4545026a131e573b01bc0cea89f12c0c19ab1d9b82f08f0cf922085cdeb,doctor
d1fcdb03-b55d-4c2b-b0d5-76d94d48e2bb,Melissa,Pittman,steven92@yahoo.com,a009baa7f825a26c1b0279553daf5448055c80dcb2d5004e8e682468047c462c,nurse
cef1ed4c-f81d-4a96-973a-8fef56de533e,Robin,Brennan,michele07@yahoo.com,5b627e12787395def2761e6f6f6426d9b7a9832f36b0c95a60e585d668d1954d,patient
d8e18c08-4bc1-473b-bb63-cc1040690144,Ryan,Montgomery,dorothy08@hotmail.com,fb179b9d533decc47907d7cc8da363d1fa8e7094afe15d29de40149ee8c6a392,doctor
57eb15a4-7af0-4efd-8cfd-b98d620543ae,Joe,King,daniel17@sutton.com,e44387a242170c8150969643b0fecc902b2ecc33bb494158dd005286bfb9310f,admin
e92ba13f-7425-4d4a-a600-d64aa22e9f62,John,Li,aprilellis@gmail.com,f3001845694c8e354d5d82507fbf0ecda80d890bb1875cff9630a04dbe2b7cb8,doctor
64f71d79-b1ed-42ce-b967-49265d7f3c07,Justin,Myers,thomas73@gomez.org,4c61babb2d6c41b2f9d5431da2e4341aab2bac549676e97022ea5822a12a7285,doctor
4f4cf6cc-b99e-4d93-83bb-e6ee5618e3f1,Jean,Williams,trogers@gmail.com,81e0c66389b2b49166f3ca1b6f268c81b4a448e3ad4c707b33973d9d934981a9,nurse
5df2b71d-0c91-49ca-bc40-72f7b7c9f4d7,Christina,James,kristinpowell@gmail.com,46465f737b6a56e42fd70f450f2a6cc82c89ce4785d52319ef1a666ba3b9b337,admin
cb36bd62-e293-4303-a1df-c5972fb0556a,Cole,Garrison,justin65@hotmail.com,425d92c9d044b0655ae1047cc289969b8e43fb7e8d5fb38be5951ee8785746fc,nurse
28e53638-4e9b-4cdb-af3d-1b5e0b8614a9,Maureen,Wolf,powersbrandi@gmail.com,826e62462d149a82fee9281db909a5118646b94a80d6be45cc0f800cadd21e14,doctor
2ca4e5a5-078c-4f3d-b1fa-7e8dbf1babe6,Elizabeth,Perry,ashley95@gmail.com,8ffbd1325feff1bb0b9da366b4f3412b86ed6c514031d0a04daedeac1cd72e89,admin
2f82c24d-f7ee-4b6c-b140-b73aea0acb20,Jesse,Byrd,loriweber@hotmail.com,579f535ae8a29ee051ec8c4a25a68ba3e67ad815a43f78da91206d33896845e3,admin
7a7b8441-8a39-4661-95b6-a2439a15a9e8,Jesus,Smith,whiteheidi@hotmail.com,1b22d374a6f04f007d854496bec13a709c312d61541d96dc877dc41467f60479,nurse
dad6fa78-7f3b-41d7-863a-b54ea751db11,Laura,Winters,pamela01@barnes-phillips.com,0e53139d62dba3405b32087d2e5506dab71bea744575e5e0e8d7a92eac2f37e9,doctor
cbbd8ea5-edcb-4b3f-bd58-11795c85b285,Amy,Howard,martha37@yahoo.com,57e11734ac4193c0d1e6bd26e9812591e1ad1ec91d6bece12e922cc7c78b244d,doctor
d677e1fd-ff8d-45d2-87b9-1b29a1326f0a,Suzanne,Terry,tjones@davenport.net,e508cdad7f5addd1fd4af6143587c45d0900d285d38d6589b164de5729ce9ef7,admin
06bc1bb7-80d6-4212-8659-29252b256345,Joel,Marshall,tylersmall@yahoo.com,4c079d1f508cd03308c58936042e3066727a3e485bb08fa856c05871bcfb11f2,doctor
98bfcae3-e5d7-4c61-8159-181542dee0d3,Anna,Wallace,douglasgarcia@golden.com,36e6c630c28ed52c15d8abd1325f77368998fd3c34dd2725a7f2e42e385e72f0,nurse
88d0df96-ceca-43e1-80d9-2f7c4d47712f,Stephanie,Fuller,kellyfitzpatrick@barnes.com,474cd2fa8aa54ac3d8f48616e3f483b31384272e948ca3c837d6516121ae4287,nurse
ab3bdda8-b2d7-490b-ade6-b713afe32ae4,Annette,Evans,daniel14@hotmail.com,8da9f4f215e81a36bbebd08095ae810c7dc9f458c8b91913b40e8fafe9e63deb,patient
798b0895-d80d-4079-b246-31e066a14dee,Chelsea,Owens,kelleybryan@yahoo.com,ebe0372b4b6807e5655608c11c5c3c7f85a4da45bf68aa38de1cbfe5fed62bee,patient
3936d8df-6b81-4d54-8bb9-4e288bdfe11a,Anna,Crawford,thomas62@barton-christensen.com,9474265b043044a7c4e8618d45bc735ff0fe7ba5c5141bb073afe49716fd082c,nurse
dc2c604c-de0b-4b08-bc3f-6a72f38d0a7b,Jessica,Rich,kyle15@santiago.biz,7bdd0dd2df0fcddf56c10ff73d88fd6b4214c6217655db082a0e86ac0e1385d0,doctor
270b8a43-7fab-48f3-b05e-5a25c2fb7776,Julie,Lewis,eileen13@adams.com,2ed0ad4db83472b3292af8971025d8be46d39af79b05cce6b9104854d04f1890,admin
f3cde63f-3290-43a7-8178-c6da63e3aceb,Jasmine,Nelson,davidsanchez@parks.com,738690a75fc9ca38c95b7528ce4d81da648be46073598df1b9d125f8626e8b1a,patient
b71b64f6-e95b-4986-9d0b-c8bc7da70f12,Stephanie,Smith,bradymichael@gmail.com,a92cafcd52688c8a1e465d228579fcea14cc659c778df372c4bcef5ba2f04f81,patient
1a4531bd-2d1f-433a-8fa1-7925937a6e7f,Theresa,Hoffman,seancopeland@yahoo.com,18189f55a3158bc5c2bec3132e6c1fa6d124dfcb98dfcad5cfbdf53c70972189,nurse
19fff83c-c4b9-4f11-8af3-460b505cbc43,Martin,Smith,leslie55@marquez-burns.com,e9b68002a3ac786b1876d31bf566ffdb6ea0795cbff1e28c85968a4f132655d8,nurse
7640e08d-638b-4fb9-9083-401a25b5e3d1,Laura,Briggs,ferickson@gmail.com,7c237bf3d20e521902c340ad40d2ecb6eec6e49c4b80ad2ac94af925f477c2ab,admin
ad6ec7d4-614d-4e0d-8929-47097ff453c5,Debra,Smith,kimberly67@gray.com,eaa872c283dc449c641ce991a70f95e1ec178d50c5751a249f9b0813943cf3ea,doctor
c5fe1853-537b-447f-b3cc-74b3d5b202e0,Austin,Allen,spencer18@bennett-moore.com,c3c29c58f9c1356c0c6fd76302093e9ca12fac586e43d1b1f95805359727f24b,patient
480100a1-904c-407b-b89b-c7334625e44a,Ashley,Brown,joeljefferson@hotmail.com,5d8d149de6c605d968014b563785a85c78b95a29bac9ef328750381fe1c5ef1c,doctor
1d15eb61-cd00-4bef-b026-4ac48afb5e32,Carolyn,Nelson,wheelerashley@howell-wade.com,3065775fe9550d3a279cc00890fbc8153f484b20f4267a120fff3a2e3fac1ba5,patient
d777aad6-d425-4954-83ad-64c4be35e255,Anna,Green,susanconner@hotmail.com,7e63769d7e7f0bdbff425ec4123a9e896738cf79ac2eabbbb0105434ed965c84,doctor
0eb31ee4-00d4-4b62-ac3b-98aa0f3b58d7,William,Lara,twilliams@pacheco.com,f3a299138f81b0b3e8e3bc2aa083a01a0605eccc7b61da507332c97cd7c437e6,patient
9996dda1-0db7-4390-8a5b-a2564763d54e,Kimberly,Snyder,chelsea38@hotmail.com,349be9577f39e17b508ce10f4640a049bcb204aac845cab085422cce9e835379,patient
7aaa4cc3-940d-42cb-9218-c159c42d0a4f,Haley,Bullock,snowevan@george.biz,1505736c83fc8a5a5837aa54be6ae7cb129de11649928b43a477ccfdfab2afe8,patient
fbb55600-30a7-41bb-8133-28017c6501bb,Jeffrey,Pacheco,mackbrooke@carter-cohen.biz,d481324dc65e4a39d2ebdb7a12a0a9ea910b46a7b3b06d67f6d778c689f20541,doctor
b3d84cf2-8571-42e0-b67f-1da12289c70c,Katherine,Simon,rodriguezdanny@brennan-andrews.com,99502ef221dd92d0f4608c99d2009801b4b7352f1ab834f728ac5ec025cd0d71,doctor
82f29b87-3ed4-47be-8a04-153ffe78bd4c,Stanley,Nash,karen12@lowery.org,8ec0612f7d099b741264c7fd57b070debb467df9e501ad9b4bb1218211b28108,doctor
13de53ca-ce4e-4378-b9de-93217a00b31d,Tina,Adams,glivingston@gmail.com,ab24b1e1455d3ddaef13d63e2d96f1e1233af8e5575716d43bfb38a3228815f1,admin
93cbd8c3-a8f9-4216-91a5-4ac66381dcd2,Laura,Sparks,amy27@morgan-williams.org,f36da9447cf236c5b6d9841353ce69ab5e3275a4342d0158bcf25d17b789e731,doctor
d9c3950f-3211-4837-ab12-3c97fb5e43d7,Benjamin,Lam,wolflogan@hall-sutton.info,f6b688c48cb342a7fe7d2a4731494ada09f5fb88e56b6a84ec862eb339ba4197,admin
07407761-29b1-4642-b59e-c189664c3488,April,Graham,xdelgado@hotmail.com,bc74432249272c7496b2c04ccea093237bfe12f98efb78a88030a02c4b2431a2,nurse
41034b2c-8571-4eaa-a9e4-9c76bc6f2d42,Holly,Phillips,andersondavid@gmail.com,e540654c6181d210e1399b337e2009641ff887b77092fd4d87be8e99f2d7651d,admin
84f78c75-40a6-48a4-a17a-5573bab672a0,Brent,Jacobs,robertmejia@hotmail.com,f30bc79fad2caf9d66c5f3ab307dd12d994c469c0d876e176fa2226d5369ff8c,patient
82c73931-8ebc-47e2-a424-04bb4437f4e5,Charles,Reyes,karenbrown@hotmail.com,db60e3d292a56a21fc8cf0c234e3524dd00d2437800ce74d7a8ef4208017c0ce,doctor
f75b711e-0956-48ec-a7a1-c292dc62643f,Michael,Lopez,jonescharles@yahoo.com,1f88a84f17694f6ba2ab1ba2873ce734f57094507e5b19e3b9b5b4cbc381d4a6,nurse
78919dca-7324-423a-8030-b30c10f2d587,David,Rivera,omunoz@yahoo.com,dd14204404fc3c9a3a010a438e92a314d526a7f8e295162b6a025d1030e82a0c,admin
8791c0d1-ae0a-4ccd-9f43-69653d619c71,John,Terrell,christinaking@patterson.com,2656d0080aae286ae7a5c2381643b2b752144fcbcb75469708fb9840bdcfb759,patient
88a081e8-0d63-4e65-a5c5-4c03c5dd4d98,Daniel,Perkins,phenderson@schmitt.com,26a00baf1d499e560d784328c8a41cdb3c4df7aca0c289c6c40f57b59005831c,patient
ac2db159-a962-4225-92d5-01fe82c72bee,Amanda,Browning,linda15@gmail.com,b3042e79b77b5dd6251e0a7ba087182d0cd66fb5f8198be57c1d94b77d0a3d34,doctor
ee9d97bd-fd0d-412b-aa9f-4111db16a7a0,Isaiah,Hall,laura58@brown-combs.com,9b9ebda30af310b86d8e08fdc06e0416a0871a8859ba046b62f4ff1254e116c9,admin
a50479b9-6e1f-4143-922c-eea6c02de1a2,Gregory,Griffith,ghunt@jefferson.com,17ab9fa244e4206704053bd444916bb2c9e4553288c4b1616608f589a9a7b325,patient
ac04bca2-d8d4-4901-a5dd-cb7f7894dcc9,Jody,Cooper,zsmith@williamson.org,827bac26ddb53ddeb8533e122db8d7f988a9bd8ba2e97697ccba7627ae946b98,admin
39da73e0-aead-4b4f-9bee-651f2c55a0fe,Tonya,Wilson,belindahall@gonzales.info,4eb7c203657df021e588f077d6c21486f06ffc0d46733740e72ae668a6f47b1a,admin
e43472f6-76fa-458f-828c-05e6bead0170,Julie,Miller,vsmith@estes-li.com,ff483e1b224e0fb0132be311b75e34d1552afe6c96daf1dd03bd2c0fd86de6d8,patient
06621b3f-5923-4019-ae41-3eaac04b6e99,Michael,Jimenez,htaylor@henderson-ellis.com,ed61f2b444c062022d2550440014f5b6473295aab7a7532f72784f23ba281ca9,patient
13d2ed32-8ce1-402c-ac46-7800bc12d24a,Becky,Hunter,derekjenkins@gmail.com,ced98c11f28075ad8ecf453e32949862a040fed5244ad7df3af9290ea07d0061,patient
f9964948-7908-46ec-8b73-95ae9cac8ad1,Brenda,Branch,thobbs@hotmail.com,374d06ae3bb92ab3683285de615386972be06745509cd100258947f2a67439a4,admin
39a5cb15-cfb5-49d1-a613-470bdd43dddd,Christina,Morrison,johnsonkathy@yahoo.com,710a9d3ae7db15505802b69154e07e34014cca0226f9aa240f7a5c01f6a0c003,nurse
86d1c923-12cd-4997-807f-5893f94bf259,Diane,Tran,kimjames@yahoo.com,389e262bab2ae63ca0eaedbaecde58a5a136b5410022e90de06feb7e4ef1f54b,doctor
fd3671db-95dc-46b7-9c2a-92feb88f2f21,David,Little,michelleroach@trujillo.net,c9376dd6ebce7e34c33563d4e9aa8ab6710b1b183cf1b53a684ad3117ee99bdb,nurse
0274826e-2b45-42f4-bc6b-d4f764acf0e8,Mark,Randolph,dorseyshannon@hotmail.com,7abf0935f34630bcef86208c50d5655da0f79365964964f4d7a23543b209c784,doctor
e3c324e3-bca5-44ef-894c-039b824d3f15,Douglas,Vazquez,tammy25@gmail.com,c73868f64d3a1a943206c3cb1d8bfc3037ca3ee87a8da9cb3f219c69536e7e32,admin
0fb2e5ef-039f-4bfe-81e7-d04af7878cde,Joyce,Baker,travisbrown@rosales-park.com,b3243b2f63324e5f2db6641deba21931bcdfe221ab1d771990e0b4bd1f8064b9,admin
2653e951-3b45-40d4-9e55-ba7c734b276e,Raymond,Gonzales,davissusan@yahoo.com,506cbec8bbdebb9acd9fac6ee0191020e3acf5b8f3f5521b8f778ff81ba1b584,doctor
bf5ccdf7-2b15-4d1f-9c03-fb2264a9f6c9,Bobby,Paul,browncharles@hotmail.com,0aca4553e7771003b74213360c9f415f3a8e4654bcaa00c69efd2cc49b0ac500,nurse
45abbb91-52bc-4863-929f-05fb354d018f,Russell,Wood,ericporter@hotmail.com,a8076e8d314a42d449c310c5c2b9d20337b6c8429ad59c4cad07db55a5a6500e,admin
c0fe47b9-888f-40a3-b4b8-5d5ddc5a783e,Kristin,Gibbs,mclaughlinpatricia@gmail.com,357053e9d5cf53213dd4f35e028bb9a8673100afc967315573077e3a595b90d8,patient
d910273f-cbf0-48c8-99d0-e7d0c692ab62,Heather,Williams,heidiwells@yahoo.com,ff1a4cdd3a929c8f98a6f02e2d326ca667405bfab7678f47f9440d156d46ae36,admin
df1b2c4f-90a9-4886-972d-903877882128,Gwendolyn,Page,cindysmith@gmail.com,fece9b5b73257272ffbc97c1885d7bb4a782218528ad74f725c70662a69d7db0,doctor
b2d5b751-fe74-4dc9-b672-25910b04287d,Stefanie,Haynes,josephryan@gmail.com,e0692e4a05279a6cac1fd351691fc769a3e258753499002ac0c281bf282fe3bc,nurse
3ee66073-acdf-4e1b-b569-f1cb235d64a7,David,Horne,dalton54@gmail.com,4ed2a1d8c57fae80ab621b86db5f20144e2e012fc9de592670f87b481a8b8989,doctor
c2fedfd3-0014-443b-a929-45625fadb6ae,Jackie,Clark,anichols@gmail.com,61bd38f49a5a821e85ab02ff3460d837459635428e035b2e55dd319411ce22d3,nurse
dfc0a8dc-9e6b-4f0e-bb70-bdaab234a6c5,Eric,Guerrero,sheila18@rios.com,8abfd2d4eb0ccbd0280aeea7d790769646d1c9f2b8be24db4b4d7359d59a17c5,doctor
1fffc668-9929-4686-ae50-94609a541e43,Robert,Flynn,davidhernandez@dunn-rogers.org,a7b731c3ab9d5da7045ee4c892839ebaf9096ee8c7c8238273cb31362e2b0f00,admin
da700680-721b-41ab-adb1-bf873e7e0b8c,Julie,Jones,christinasanders@hotmail.com,1a7bcbb6a1170f5c7761718fe7ac4aec926f66d5addc9fcf8dae25094cd32e76,admin
523f1e4a-df40-4ee9-a855-4a0ff228633e,Natalie,Scott,wdaniel@hotmail.com,e5a5b9c63f0d79bedf09ba799f3cad682efb96c7b1bb50fa7706932032bef461,doctor
06243850-c96b-4e7b-b550-b4fc1c955cb9,Samuel,Page,jeremy24@rodriguez.biz,7f5aeb40a0256242ef99755ba274ddcc85141fa46ba6e830b4e66ba82d70f0ff,nurse
